{"cameraMode":{"drawMode":0,"name":"Shaded","section":"Shading Mode"},"sceneLighting":false,"audioPlay":false,"sceneViewState":{"showFog":true,"showMaterialUpdate":false,"showSkybox":false,"showFlares":true,"showImageEffects":true,"showParticleSystems":true},"in2DMode":false,"pivot":{"x":211.2527618408203,"y":260.6880798339844,"z":-352.93023681640627},"rotation":{"x":-0.10098479688167572,"y":-0.8902483582496643,"z":0.24093829095363618,"w":-0.37313568592071535},"size":2.8578836917877199,"orthographic":false}