{"cameraMode":{"drawMode":0,"name":"Shaded","section":"Shading Mode"},"sceneLighting":true,"audioPlay":false,"sceneViewState":{"showFog":true,"showMaterialUpdate":false,"showSkybox":true,"showFlares":true,"showImageEffects":true,"showParticleSystems":true},"in2DMode":false,"pivot":{"x":-17.473575592041017,"y":26.76217269897461,"z":-7.658694744110107},"rotation":{"x":-0.3607918918132782,"y":-0.24017833173274995,"z":0.09671548008918762,"w":-0.895990788936615},"size":7.286242485046387,"orthographic":false}