{"cameraMode":{"drawMode":0,"name":"Shaded","section":"Shading Mode"},"sceneLighting":false,"audioPlay":false,"sceneViewState":{"showFog":true,"showMaterialUpdate":false,"showSkybox":false,"showFlares":true,"showImageEffects":true,"showParticleSystems":true},"in2DMode":false,"pivot":{"x":-0.10863061249256134,"y":0.5750545263290405,"z":-1.26902174949646},"rotation":{"x":-0.0015122173354029656,"y":0.9956691861152649,"z":-0.09166990220546723,"w":-0.016445813700556756},"size":4.336002826690674,"orthographic":false}