{"cameraMode":{"drawMode":0,"name":"Shaded","section":"Shading Mode"},"sceneLighting":true,"audioPlay":false,"sceneViewState":{"showFog":true,"showMaterialUpdate":false,"showSkybox":true,"showFlares":true,"showImageEffects":true,"showParticleSystems":true},"in2DMode":false,"pivot":{"x":15.471447944641114,"y":-8.952120780944825,"z":10.740177154541016},"rotation":{"x":-0.21760733425617219,"y":-0.45711374282836916,"z":0.1163245290517807,"w":-0.8545622825622559},"size":27.997352600097658,"orthographic":false}