{"cameraMode":{"drawMode":0,"name":"Shaded","section":"Shading Mode"},"sceneLighting":true,"audioPlay":false,"sceneViewState":{"showFog":true,"showMaterialUpdate":false,"showSkybox":true,"showFlares":true,"showImageEffects":true,"showParticleSystems":true},"in2DMode":false,"pivot":{"x":9.52145767211914,"y":-2.2392029762268068,"z":-2.7921485900878908},"rotation":{"x":-0.04009997472167015,"y":-0.9540661573410034,"z":0.14888961613178254,"w":-0.2569466233253479},"size":13.230598449707032,"orthographic":false}